{
  "Pregnancies": {
    "count": 768.0,
    "mean": 3.8450520833333335,
    "std": 3.3695780626988694,
    "min": 0.0,
    "25%": 1.0,
    "50%": 3.0,
    "75%": 6.0,
    "max": 17.0
  },
  "Glucose": {
    "count": 768.0,
    "mean": 121.67708333333333,
    "std": 30.464160589122198,
    "min": 44.0,
    "25%": 99.75,
    "50%": 117.0,
    "75%": 140.25,
    "max": 199.0
  },
  "BloodPressure": {
    "count": 768.0,
    "mean": 72.38932291666667,
    "std": 12.106039117453747,
    "min": 24.0,
    "25%": 64.0,
    "50%": 72.0,
    "75%": 80.0,
    "max": 122.0
  },
  "SkinThickness": {
    "count": 768.0,
    "mean": 29.08984375,
    "std": 8.890819780938012,
    "min": 7.0,
    "25%": 25.0,
    "50%": 28.0,
    "75%": 32.0,
    "max": 99.0
  },
  "Insulin": {
    "count": 768.0,
    "mean": 141.75390625,
    "std": 89.10084663622659,
    "min": 14.0,
    "25%": 102.5,
    "50%": 102.5,
    "75%": 169.5,
    "max": 846.0
  },
  "BMI": {
    "count": 768.0,
    "mean": 32.434635416666666,
    "std": 6.880497796823623,
    "min": 18.2,
    "25%": 27.5,
    "50%": 32.05,
    "75%": 36.6,
    "max": 67.1
  },
  "DiabetesPedigreeFunction": {
    "count": 768.0,
    "mean": 0.47187630208333325,
    "std": 0.3313285950127749,
    "min": 0.078,
    "25%": 0.24375,
    "50%": 0.3725,
    "75%": 0.62625,
    "max": 2.42
  },
  "Age": {
    "count": 768.0,
    "mean": 33.240885416666664,
    "std": 11.760231540678685,
    "min": 21.0,
    "25%": 24.0,
    "50%": 29.0,
    "75%": 41.0,
    "max": 81.0
  }
}