{
  "model_name": "GradientBoosting",
  "accuracy": 0.8831168831168831,
  "precision": 0.8214285714285714,
  "recall": 0.8518518518518519,
  "f1": 0.8363636363636363,
  "roc_auc": 0.9553703703703703,
  "confusion_matrix": [
    [
      90,
      10
    ],
    [
      8,
      46
    ]
  ],
  "cv_scores_all_models": {
    "LogisticRegression": 0.8771802325581396,
    "RandomForest": 0.9381506090808417,
    "GradientBoosting": 0.9414756367663344,
    "SVM": 0.8993507751937985
  },
  "n_train": 614,
  "n_test": 154
}